{"cameraMode":{"drawMode":0,"name":"Shaded","section":"Shading Mode"},"sceneLighting":true,"audioPlay":false,"sceneViewState":{"m_AlwaysRefresh":false,"showFog":true,"showSkybox":true,"showFlares":true,"showImageEffects":true,"showParticleSystems":true,"showVisualEffectGraphs":true,"m_FxEnabled":true},"in2DMode":false,"pivot":{"x":2.0555059909820558,"y":10.768784523010254,"z":5.418919086456299},"rotation":{"x":0.2776103913784027,"y":-0.27692338824272158,"z":0.08333291858434677,"w":0.9163780212402344},"size":0.10373662412166596,"orthographic":false}