{"cameraMode":{"drawMode":0,"name":"Shaded","section":"Shading Mode"},"sceneLighting":true,"audioPlay":false,"sceneViewState":{"m_AlwaysRefresh":false,"showFog":true,"showSkybox":true,"showFlares":true,"showImageEffects":true,"showParticleSystems":true,"showVisualEffectGraphs":true,"m_FxEnabled":true},"in2DMode":false,"pivot":{"x":2.0837361812591554,"y":9.776856422424317,"z":11.410920143127442},"rotation":{"x":-0.0036194436252117159,"y":-0.9921733140945435,"z":0.03280293941497803,"w":-0.1219242513179779},"size":0.6356576085090637,"orthographic":false}